id,city_id,name,created_at,updated_at
1,1,"{""en"": ""Авиамоторная"", ""ru"": ""Авиамоторная""}","2018-07-03 16:30:08","2018-07-03 16:30:08"
2,1,"{""en"": ""Автозаводская"", ""ru"": ""Автозаводская""}","2018-07-03 16:30:08","2018-07-03 16:30:08"
3,1,"{""en"": ""Академическая"", ""ru"": ""Академическая""}","2018-07-03 16:30:08","2018-07-03 16:30:08"
4,1,"{""en"": ""Александровский сад"", ""ru"": ""Александровский сад""}","2018-07-03 16:30:08","2018-07-03 16:30:08"
5,1,"{""en"": ""Алексеевская"", ""ru"": ""Алексеевская""}","2018-07-03 16:30:08","2018-07-03 16:30:08"
6,1,"{""en"": ""Алма-Атинская"", ""ru"": ""Алма-Атинская""}","2018-07-03 16:30:08","2018-07-03 16:30:08"
7,1,"{""en"": ""Алтуфьево"", ""ru"": ""Алтуфьево""}","2018-07-03 16:30:08","2018-07-03 16:30:08"
8,1,"{""en"": ""Андроновка"", ""ru"": ""Андроновка""}","2018-07-03 16:30:08","2018-07-03 16:30:08"
9,1,"{""en"": ""Аннино"", ""ru"": ""Аннино""}","2018-07-03 16:30:08","2018-07-03 16:30:08"
10,1,"{""en"": ""Арбатская"", ""ru"": ""Арбатская""}","2018-07-03 16:30:08","2018-07-03 16:30:08"
11,1,"{""en"": ""Аэропорт"", ""ru"": ""Аэропорт""}","2018-07-03 16:30:08","2018-07-03 16:30:08"
12,1,"{""en"": ""Бабушкинская"", ""ru"": ""Бабушкинская""}","2018-07-03 16:30:08","2018-07-03 16:30:08"
13,1,"{""en"": ""Багратионовская"", ""ru"": ""Багратионовская""}","2018-07-03 16:30:08","2018-07-03 16:30:08"
14,1,"{""en"": ""Балтийская"", ""ru"": ""Балтийская""}","2018-07-03 16:30:08","2018-07-03 16:30:08"
15,1,"{""en"": ""Баррикадная"", ""ru"": ""Баррикадная""}","2018-07-03 16:30:08","2018-07-03 16:30:08"
16,1,"{""en"": ""Бауманская"", ""ru"": ""Бауманская""}","2018-07-03 16:30:08","2018-07-03 16:30:08"
17,1,"{""en"": ""Беговая"", ""ru"": ""Беговая""}","2018-07-03 16:30:08","2018-07-03 16:30:08"
18,1,"{""en"": ""Белокаменная"", ""ru"": ""Белокаменная""}","2018-07-03 16:30:08","2018-07-03 16:30:08"
19,1,"{""en"": ""Белорусская"", ""ru"": ""Белорусская""}","2018-07-03 16:30:08","2018-07-03 16:30:08"
20,1,"{""en"": ""Беляево"", ""ru"": ""Беляево""}","2018-07-03 16:30:08","2018-07-03 16:30:08"
21,1,"{""en"": ""Бибирево"", ""ru"": ""Бибирево""}","2018-07-03 16:30:08","2018-07-03 16:30:08"
22,1,"{""en"": ""Библиотека им. Ленина"", ""ru"": ""Библиотека им. Ленина""}","2018-07-03 16:30:08","2018-07-03 16:30:08"
23,1,"{""en"": ""Битцевский парк"", ""ru"": ""Битцевский парк""}","2018-07-03 16:30:08","2018-07-03 16:30:08"
24,1,"{""en"": ""Борисово"", ""ru"": ""Борисово""}","2018-07-03 16:30:08","2018-07-03 16:30:08"
25,1,"{""en"": ""Боровицкая"", ""ru"": ""Боровицкая""}","2018-07-03 16:30:08","2018-07-03 16:30:08"
26,1,"{""en"": ""Ботанический сад"", ""ru"": ""Ботанический сад""}","2018-07-03 16:30:08","2018-07-03 16:30:08"
27,1,"{""en"": ""Братиславская"", ""ru"": ""Братиславская""}","2018-07-03 16:30:08","2018-07-03 16:30:08"
28,1,"{""en"": ""Бульвар адмирала Ушакова"", ""ru"": ""Бульвар адмирала Ушакова""}","2018-07-03 16:30:08","2018-07-03 16:30:08"
29,1,"{""en"": ""Бульвар Дмитрия Донского"", ""ru"": ""Бульвар Дмитрия Донского""}","2018-07-03 16:30:08","2018-07-03 16:30:08"
30,1,"{""en"": ""Бульвар Рокоссовского"", ""ru"": ""Бульвар Рокоссовского""}","2018-07-03 16:30:08","2018-07-03 16:30:08"
31,1,"{""en"": ""Бунинская аллея"", ""ru"": ""Бунинская аллея""}","2018-07-03 16:30:08","2018-07-03 16:30:08"
32,1,"{""en"": ""Бутырская"", ""ru"": ""Бутырская""}","2018-07-03 16:30:08","2018-07-03 16:30:08"
33,1,"{""en"": ""Варшавская"", ""ru"": ""Варшавская""}","2018-07-03 16:30:08","2018-07-03 16:30:08"
34,1,"{""en"": ""ВДНХ"", ""ru"": ""ВДНХ""}","2018-07-03 16:30:08","2018-07-03 16:30:08"
35,1,"{""en"": ""Верхние Котлы"", ""ru"": ""Верхние Котлы""}","2018-07-03 16:30:08","2018-07-03 16:30:08"
36,1,"{""en"": ""Верхние Лихоборы"", ""ru"": ""Верхние Лихоборы""}","2018-07-03 16:30:08","2018-07-03 16:30:08"
37,1,"{""en"": ""Владыкино"", ""ru"": ""Владыкино""}","2018-07-03 16:30:08","2018-07-03 16:30:08"
38,1,"{""en"": ""Водный стадион"", ""ru"": ""Водный стадион""}","2018-07-03 16:30:08","2018-07-03 16:30:08"
39,1,"{""en"": ""Войковская"", ""ru"": ""Войковская""}","2018-07-03 16:30:08","2018-07-03 16:30:08"
40,1,"{""en"": ""Волгоградский проспект"", ""ru"": ""Волгоградский проспект""}","2018-07-03 16:30:08","2018-07-03 16:30:08"
41,1,"{""en"": ""Волжская"", ""ru"": ""Волжская""}","2018-07-03 16:30:08","2018-07-03 16:30:08"
42,1,"{""en"": ""Волоколамская"", ""ru"": ""Волоколамская""}","2018-07-03 16:30:08","2018-07-03 16:30:08"
43,1,"{""en"": ""Воробьёвы горы"", ""ru"": ""Воробьёвы горы""}","2018-07-03 16:30:08","2018-07-03 16:30:08"
44,1,"{""en"": ""Выставочная"", ""ru"": ""Выставочная""}","2018-07-03 16:30:08","2018-07-03 16:30:08"
45,1,"{""en"": ""Выставочный центр"", ""ru"": ""Выставочный центр""}","2018-07-03 16:30:08","2018-07-03 16:30:08"
46,1,"{""en"": ""Выхино"", ""ru"": ""Выхино""}","2018-07-03 16:30:08","2018-07-03 16:30:08"
47,1,"{""en"": ""Деловой центр"", ""ru"": ""Деловой центр""}","2018-07-03 16:30:08","2018-07-03 16:30:08"
48,1,"{""en"": ""Деловой центр (МЦК)"", ""ru"": ""Деловой центр (МЦК)""}","2018-07-03 16:30:08","2018-07-03 16:30:08"
49,1,"{""en"": ""Динамо"", ""ru"": ""Динамо""}","2018-07-03 16:30:08","2018-07-03 16:30:08"
50,1,"{""en"": ""Дмитровская"", ""ru"": ""Дмитровская""}","2018-07-03 16:30:08","2018-07-03 16:30:08"
51,1,"{""en"": ""Добрынинская"", ""ru"": ""Добрынинская""}","2018-07-03 16:30:08","2018-07-03 16:30:08"
52,1,"{""en"": ""Домодедовская"", ""ru"": ""Домодедовская""}","2018-07-03 16:30:08","2018-07-03 16:30:08"
53,1,"{""en"": ""Достоевская"", ""ru"": ""Достоевская""}","2018-07-03 16:30:08","2018-07-03 16:30:08"
54,1,"{""en"": ""Дубровка"", ""ru"": ""Дубровка""}","2018-07-03 16:30:08","2018-07-03 16:30:08"
55,1,"{""en"": ""Жулебино"", ""ru"": ""Жулебино""}","2018-07-03 16:30:08","2018-07-03 16:30:08"
56,1,"{""en"": ""ЗИЛ"", ""ru"": ""ЗИЛ""}","2018-07-03 16:30:08","2018-07-03 16:30:08"
57,1,"{""en"": ""Зорге"", ""ru"": ""Зорге""}","2018-07-03 16:30:08","2018-07-03 16:30:08"
58,1,"{""en"": ""Зябликово"", ""ru"": ""Зябликово""}","2018-07-03 16:30:08","2018-07-03 16:30:08"
59,1,"{""en"": ""Измайлово"", ""ru"": ""Измайлово""}","2018-07-03 16:30:08","2018-07-03 16:30:08"
60,1,"{""en"": ""Измайловская"", ""ru"": ""Измайловская""}","2018-07-03 16:30:08","2018-07-03 16:30:08"
61,1,"{""en"": ""Калужская"", ""ru"": ""Калужская""}","2018-07-03 16:30:08","2018-07-03 16:30:08"
62,1,"{""en"": ""Кантемировская"", ""ru"": ""Кантемировская""}","2018-07-03 16:30:08","2018-07-03 16:30:08"
63,1,"{""en"": ""Каховская"", ""ru"": ""Каховская""}","2018-07-03 16:30:08","2018-07-03 16:30:08"
64,1,"{""en"": ""Каширская"", ""ru"": ""Каширская""}","2018-07-03 16:30:08","2018-07-03 16:30:08"
65,1,"{""en"": ""Киевская"", ""ru"": ""Киевская""}","2018-07-03 16:30:08","2018-07-03 16:30:08"
66,1,"{""en"": ""Китай-город"", ""ru"": ""Китай-город""}","2018-07-03 16:30:08","2018-07-03 16:30:08"
67,1,"{""en"": ""Кожуховская"", ""ru"": ""Кожуховская""}","2018-07-03 16:30:08","2018-07-03 16:30:08"
68,1,"{""en"": ""Коломенская"", ""ru"": ""Коломенская""}","2018-07-03 16:30:08","2018-07-03 16:30:08"
69,1,"{""en"": ""Комсомольская"", ""ru"": ""Комсомольская""}","2018-07-03 16:30:08","2018-07-03 16:30:08"
70,1,"{""en"": ""Коньково"", ""ru"": ""Коньково""}","2018-07-03 16:30:08","2018-07-03 16:30:08"
71,1,"{""en"": ""Коптево"", ""ru"": ""Коптево""}","2018-07-03 16:30:08","2018-07-03 16:30:08"
72,1,"{""en"": ""Котельники"", ""ru"": ""Котельники""}","2018-07-03 16:30:08","2018-07-03 16:30:08"
73,1,"{""en"": ""Красногвардейская"", ""ru"": ""Красногвардейская""}","2018-07-03 16:30:08","2018-07-03 16:30:08"
74,1,"{""en"": ""Краснопресненская"", ""ru"": ""Краснопресненская""}","2018-07-03 16:30:08","2018-07-03 16:30:08"
75,1,"{""en"": ""Красносельская"", ""ru"": ""Красносельская""}","2018-07-03 16:30:08","2018-07-03 16:30:08"
76,1,"{""en"": ""Красные ворота"", ""ru"": ""Красные ворота""}","2018-07-03 16:30:08","2018-07-03 16:30:08"
77,1,"{""en"": ""Крестьянская застава"", ""ru"": ""Крестьянская застава""}","2018-07-03 16:30:08","2018-07-03 16:30:08"
78,1,"{""en"": ""Кропоткинская"", ""ru"": ""Кропоткинская""}","2018-07-03 16:30:08","2018-07-03 16:30:08"
79,1,"{""en"": ""Крылатское"", ""ru"": ""Крылатское""}","2018-07-03 16:30:08","2018-07-03 16:30:08"
80,1,"{""en"": ""Крымская"", ""ru"": ""Крымская""}","2018-07-03 16:30:08","2018-07-03 16:30:08"
81,1,"{""en"": ""Кузнецкий мост"", ""ru"": ""Кузнецкий мост""}","2018-07-03 16:30:08","2018-07-03 16:30:08"
82,1,"{""en"": ""Кузьминки"", ""ru"": ""Кузьминки""}","2018-07-03 16:30:08","2018-07-03 16:30:08"
83,1,"{""en"": ""Кунцевская"", ""ru"": ""Кунцевская""}","2018-07-03 16:30:08","2018-07-03 16:30:08"
84,1,"{""en"": ""Курская"", ""ru"": ""Курская""}","2018-07-03 16:30:08","2018-07-03 16:30:08"
85,1,"{""en"": ""Кутузовская"", ""ru"": ""Кутузовская""}","2018-07-03 16:30:08","2018-07-03 16:30:08"
86,1,"{""en"": ""Ленинский проспект"", ""ru"": ""Ленинский проспект""}","2018-07-03 16:30:08","2018-07-03 16:30:08"
87,1,"{""en"": ""Лермонтовский проспект"", ""ru"": ""Лермонтовский проспект""}","2018-07-03 16:30:08","2018-07-03 16:30:08"
88,1,"{""en"": ""Лесопарковая"", ""ru"": ""Лесопарковая""}","2018-07-03 16:30:08","2018-07-03 16:30:08"
89,1,"{""en"": ""Лихоборы"", ""ru"": ""Лихоборы""}","2018-07-03 16:30:08","2018-07-03 16:30:08"
90,1,"{""en"": ""Локомотив"", ""ru"": ""Локомотив""}","2018-07-03 16:30:08","2018-07-03 16:30:08"
91,1,"{""en"": ""Ломоносовский проспект"", ""ru"": ""Ломоносовский проспект""}","2018-07-03 16:30:08","2018-07-03 16:30:08"
92,1,"{""en"": ""Лубянка"", ""ru"": ""Лубянка""}","2018-07-03 16:30:08","2018-07-03 16:30:08"
93,1,"{""en"": ""Лужники"", ""ru"": ""Лужники""}","2018-07-03 16:30:08","2018-07-03 16:30:08"
94,1,"{""en"": ""Люблино"", ""ru"": ""Люблино""}","2018-07-03 16:30:08","2018-07-03 16:30:08"
95,1,"{""en"": ""Марксистская"", ""ru"": ""Марксистская""}","2018-07-03 16:30:08","2018-07-03 16:30:08"
96,1,"{""en"": ""Марьина роща"", ""ru"": ""Марьина роща""}","2018-07-03 16:30:08","2018-07-03 16:30:08"
97,1,"{""en"": ""Марьино"", ""ru"": ""Марьино""}","2018-07-03 16:30:08","2018-07-03 16:30:08"
98,1,"{""en"": ""Маяковская"", ""ru"": ""Маяковская""}","2018-07-03 16:30:08","2018-07-03 16:30:08"
99,1,"{""en"": ""Медведково"", ""ru"": ""Медведково""}","2018-07-03 16:30:08","2018-07-03 16:30:08"
100,1,"{""en"": ""Международная"", ""ru"": ""Международная""}","2018-07-03 16:30:08","2018-07-03 16:30:08"
101,1,"{""en"": ""Менделеевская"", ""ru"": ""Менделеевская""}","2018-07-03 16:30:08","2018-07-03 16:30:08"
102,1,"{""en"": ""Минская"", ""ru"": ""Минская""}","2018-07-03 16:30:08","2018-07-03 16:30:08"
103,1,"{""en"": ""Митино"", ""ru"": ""Митино""}","2018-07-03 16:30:08","2018-07-03 16:30:08"
104,1,"{""en"": ""Молодежная"", ""ru"": ""Молодежная""}","2018-07-03 16:30:08","2018-07-03 16:30:08"
105,1,"{""en"": ""Мякинино"", ""ru"": ""Мякинино""}","2018-07-03 16:30:08","2018-07-03 16:30:08"
106,1,"{""en"": ""Нагатинская"", ""ru"": ""Нагатинская""}","2018-07-03 16:30:08","2018-07-03 16:30:08"
107,1,"{""en"": ""Нагорная"", ""ru"": ""Нагорная""}","2018-07-03 16:30:08","2018-07-03 16:30:08"
108,1,"{""en"": ""Нахимовский проспект"", ""ru"": ""Нахимовский проспект""}","2018-07-03 16:30:08","2018-07-03 16:30:08"
109,1,"{""en"": ""Нижегородская"", ""ru"": ""Нижегородская""}","2018-07-03 16:30:08","2018-07-03 16:30:08"
110,1,"{""en"": ""Новогиреево"", ""ru"": ""Новогиреево""}","2018-07-03 16:30:08","2018-07-03 16:30:08"
111,1,"{""en"": ""Новокосино"", ""ru"": ""Новокосино""}","2018-07-03 16:30:08","2018-07-03 16:30:08"
112,1,"{""en"": ""Новокузнецкая"", ""ru"": ""Новокузнецкая""}","2018-07-03 16:30:08","2018-07-03 16:30:08"
113,1,"{""en"": ""Новослободская"", ""ru"": ""Новослободская""}","2018-07-03 16:30:08","2018-07-03 16:30:08"
114,1,"{""en"": ""Новохохловская"", ""ru"": ""Новохохловская""}","2018-07-03 16:30:08","2018-07-03 16:30:08"
115,1,"{""en"": ""Новоясеневская"", ""ru"": ""Новоясеневская""}","2018-07-03 16:30:08","2018-07-03 16:30:08"
116,1,"{""en"": ""Новые Черемушки"", ""ru"": ""Новые Черемушки""}","2018-07-03 16:30:08","2018-07-03 16:30:08"
117,1,"{""en"": ""Окружная"", ""ru"": ""Окружная""}","2018-07-03 16:30:08","2018-07-03 16:30:08"
118,1,"{""en"": ""Октябрьская"", ""ru"": ""Октябрьская""}","2018-07-03 16:30:08","2018-07-03 16:30:08"
119,1,"{""en"": ""Октябрьское поле"", ""ru"": ""Октябрьское поле""}","2018-07-03 16:30:08","2018-07-03 16:30:08"
120,1,"{""en"": ""Орехово"", ""ru"": ""Орехово""}","2018-07-03 16:30:08","2018-07-03 16:30:08"
121,1,"{""en"": ""Отрадное"", ""ru"": ""Отрадное""}","2018-07-03 16:30:08","2018-07-03 16:30:08"
122,1,"{""en"": ""Охотный ряд"", ""ru"": ""Охотный ряд""}","2018-07-03 16:30:08","2018-07-03 16:30:08"
123,1,"{""en"": ""Павелецкая"", ""ru"": ""Павелецкая""}","2018-07-03 16:30:08","2018-07-03 16:30:08"
124,1,"{""en"": ""Панфиловская"", ""ru"": ""Панфиловская""}","2018-07-03 16:30:08","2018-07-03 16:30:08"
125,1,"{""en"": ""Парк Культуры"", ""ru"": ""Парк Культуры""}","2018-07-03 16:30:08","2018-07-03 16:30:08"
126,1,"{""en"": ""Парк Победы"", ""ru"": ""Парк Победы""}","2018-07-03 16:30:08","2018-07-03 16:30:08"
127,1,"{""en"": ""Партизанская"", ""ru"": ""Партизанская""}","2018-07-03 16:30:08","2018-07-03 16:30:08"
128,1,"{""en"": ""Первомайская"", ""ru"": ""Первомайская""}","2018-07-03 16:30:08","2018-07-03 16:30:08"
129,1,"{""en"": ""Перово"", ""ru"": ""Перово""}","2018-07-03 16:30:08","2018-07-03 16:30:08"
130,1,"{""en"": ""Петровский парк"", ""ru"": ""Петровский парк""}","2018-07-03 16:30:08","2018-07-03 16:30:08"
131,1,"{""en"": ""Петровско-Разумовская"", ""ru"": ""Петровско-Разумовская""}","2018-07-03 16:30:08","2018-07-03 16:30:08"
132,1,"{""en"": ""Печатники"", ""ru"": ""Печатники""}","2018-07-03 16:30:08","2018-07-03 16:30:08"
133,1,"{""en"": ""Пионерская"", ""ru"": ""Пионерская""}","2018-07-03 16:30:08","2018-07-03 16:30:08"
134,1,"{""en"": ""Планерная"", ""ru"": ""Планерная""}","2018-07-03 16:30:09","2018-07-03 16:30:09"
135,1,"{""en"": ""Площадь Гагарина"", ""ru"": ""Площадь Гагарина""}","2018-07-03 16:30:09","2018-07-03 16:30:09"
136,1,"{""en"": ""Площадь Ильича"", ""ru"": ""Площадь Ильича""}","2018-07-03 16:30:09","2018-07-03 16:30:09"
137,1,"{""en"": ""Площадь Революции"", ""ru"": ""Площадь Революции""}","2018-07-03 16:30:09","2018-07-03 16:30:09"
138,1,"{""en"": ""Полежаевская"", ""ru"": ""Полежаевская""}","2018-07-03 16:30:09","2018-07-03 16:30:09"
139,1,"{""en"": ""Полянка"", ""ru"": ""Полянка""}","2018-07-03 16:30:09","2018-07-03 16:30:09"
140,1,"{""en"": ""Пражская"", ""ru"": ""Пражская""}","2018-07-03 16:30:09","2018-07-03 16:30:09"
141,1,"{""en"": ""Преображенская площадь"", ""ru"": ""Преображенская площадь""}","2018-07-03 16:30:09","2018-07-03 16:30:09"
142,1,"{""en"": ""Пролетарская"", ""ru"": ""Пролетарская""}","2018-07-03 16:30:09","2018-07-03 16:30:09"
143,1,"{""en"": ""Проспект Вернадского"", ""ru"": ""Проспект Вернадского""}","2018-07-03 16:30:09","2018-07-03 16:30:09"
144,1,"{""en"": ""Проспект Мира"", ""ru"": ""Проспект Мира""}","2018-07-03 16:30:09","2018-07-03 16:30:09"
145,1,"{""en"": ""Профсоюзная"", ""ru"": ""Профсоюзная""}","2018-07-03 16:30:09","2018-07-03 16:30:09"
146,1,"{""en"": ""Пушкинская"", ""ru"": ""Пушкинская""}","2018-07-03 16:30:09","2018-07-03 16:30:09"
147,1,"{""en"": ""Пятницкое Шоссе"", ""ru"": ""Пятницкое Шоссе""}","2018-07-03 16:30:09","2018-07-03 16:30:09"
148,1,"{""en"": ""Раменки"", ""ru"": ""Раменки""}","2018-07-03 16:30:09","2018-07-03 16:30:09"
149,1,"{""en"": ""Речной вокзал"", ""ru"": ""Речной вокзал""}","2018-07-03 16:30:09","2018-07-03 16:30:09"
150,1,"{""en"": ""Рижская"", ""ru"": ""Рижская""}","2018-07-03 16:30:09","2018-07-03 16:30:09"
151,1,"{""en"": ""Римская"", ""ru"": ""Римская""}","2018-07-03 16:30:09","2018-07-03 16:30:09"
152,1,"{""en"": ""Ростокино"", ""ru"": ""Ростокино""}","2018-07-03 16:30:09","2018-07-03 16:30:09"
153,1,"{""en"": ""Румянцево"", ""ru"": ""Румянцево""}","2018-07-03 16:30:09","2018-07-03 16:30:09"
154,1,"{""en"": ""Рязанский проспект"", ""ru"": ""Рязанский проспект""}","2018-07-03 16:30:09","2018-07-03 16:30:09"
155,1,"{""en"": ""Савеловская"", ""ru"": ""Савеловская""}","2018-07-03 16:30:09","2018-07-03 16:30:09"
156,1,"{""en"": ""Саларьево"", ""ru"": ""Саларьево""}","2018-07-03 16:30:09","2018-07-03 16:30:09"
157,1,"{""en"": ""Свиблово"", ""ru"": ""Свиблово""}","2018-07-03 16:30:09","2018-07-03 16:30:09"
158,1,"{""en"": ""Севастопольская"", ""ru"": ""Севастопольская""}","2018-07-03 16:30:09","2018-07-03 16:30:09"
159,1,"{""en"": ""Селигерская"", ""ru"": ""Селигерская""}","2018-07-03 16:30:09","2018-07-03 16:30:09"
160,1,"{""en"": ""Семеновская"", ""ru"": ""Семеновская""}","2018-07-03 16:30:09","2018-07-03 16:30:09"
161,1,"{""en"": ""Серпуховская"", ""ru"": ""Серпуховская""}","2018-07-03 16:30:09","2018-07-03 16:30:09"
162,1,"{""en"": ""Славянский бульвар"", ""ru"": ""Славянский бульвар""}","2018-07-03 16:30:09","2018-07-03 16:30:09"
163,1,"{""en"": ""Смоленская"", ""ru"": ""Смоленская""}","2018-07-03 16:30:09","2018-07-03 16:30:09"
164,1,"{""en"": ""Сокол"", ""ru"": ""Сокол""}","2018-07-03 16:30:09","2018-07-03 16:30:09"
165,1,"{""en"": ""Соколиная Гора"", ""ru"": ""Соколиная Гора""}","2018-07-03 16:30:09","2018-07-03 16:30:09"
166,1,"{""en"": ""Сокольники"", ""ru"": ""Сокольники""}","2018-07-03 16:30:09","2018-07-03 16:30:09"
167,1,"{""en"": ""Спартак"", ""ru"": ""Спартак""}","2018-07-03 16:30:09","2018-07-03 16:30:09"
168,1,"{""en"": ""Спортивная"", ""ru"": ""Спортивная""}","2018-07-03 16:30:09","2018-07-03 16:30:09"
169,1,"{""en"": ""Сретенский бульвар"", ""ru"": ""Сретенский бульвар""}","2018-07-03 16:30:09","2018-07-03 16:30:09"
170,1,"{""en"": ""Стрешнево"", ""ru"": ""Стрешнево""}","2018-07-03 16:30:09","2018-07-03 16:30:09"
171,1,"{""en"": ""Строгино"", ""ru"": ""Строгино""}","2018-07-03 16:30:09","2018-07-03 16:30:09"
172,1,"{""en"": ""Студенческая"", ""ru"": ""Студенческая""}","2018-07-03 16:30:09","2018-07-03 16:30:09"
173,1,"{""en"": ""Сухаревская"", ""ru"": ""Сухаревская""}","2018-07-03 16:30:09","2018-07-03 16:30:09"
174,1,"{""en"": ""Сходненская"", ""ru"": ""Сходненская""}","2018-07-03 16:30:09","2018-07-03 16:30:09"
175,1,"{""en"": ""Таганская"", ""ru"": ""Таганская""}","2018-07-03 16:30:09","2018-07-03 16:30:09"
176,1,"{""en"": ""Тверская"", ""ru"": ""Тверская""}","2018-07-03 16:30:09","2018-07-03 16:30:09"
177,1,"{""en"": ""Театральная"", ""ru"": ""Театральная""}","2018-07-03 16:30:09","2018-07-03 16:30:09"
178,1,"{""en"": ""Текстильщики"", ""ru"": ""Текстильщики""}","2018-07-03 16:30:09","2018-07-03 16:30:09"
179,1,"{""en"": ""Телецентр"", ""ru"": ""Телецентр""}","2018-07-03 16:30:09","2018-07-03 16:30:09"
180,1,"{""en"": ""Теплый Стан"", ""ru"": ""Теплый Стан""}","2018-07-03 16:30:09","2018-07-03 16:30:09"
181,1,"{""en"": ""Технопарк"", ""ru"": ""Технопарк""}","2018-07-03 16:30:09","2018-07-03 16:30:09"
182,1,"{""en"": ""Тимирязевская"", ""ru"": ""Тимирязевская""}","2018-07-03 16:30:09","2018-07-03 16:30:09"
183,1,"{""en"": ""Третьяковская"", ""ru"": ""Третьяковская""}","2018-07-03 16:30:09","2018-07-03 16:30:09"
184,1,"{""en"": ""Тропарево"", ""ru"": ""Тропарево""}","2018-07-03 16:30:09","2018-07-03 16:30:09"
185,1,"{""en"": ""Трубная"", ""ru"": ""Трубная""}","2018-07-03 16:30:09","2018-07-03 16:30:09"
186,1,"{""en"": ""Тульская"", ""ru"": ""Тульская""}","2018-07-03 16:30:09","2018-07-03 16:30:09"
187,1,"{""en"": ""Тургеневская"", ""ru"": ""Тургеневская""}","2018-07-03 16:30:09","2018-07-03 16:30:09"
188,1,"{""en"": ""Тушинская"", ""ru"": ""Тушинская""}","2018-07-03 16:30:09","2018-07-03 16:30:09"
189,1,"{""en"": ""Угрешская"", ""ru"": ""Угрешская""}","2018-07-03 16:30:09","2018-07-03 16:30:09"
190,1,"{""en"": ""Улица 1905 года"", ""ru"": ""Улица 1905 года""}","2018-07-03 16:30:09","2018-07-03 16:30:09"
191,1,"{""en"": ""Улица Академика Королева"", ""ru"": ""Улица Академика Королева""}","2018-07-03 16:30:09","2018-07-03 16:30:09"
192,1,"{""en"": ""Улица Академика Янгеля"", ""ru"": ""Улица Академика Янгеля""}","2018-07-03 16:30:09","2018-07-03 16:30:09"
193,1,"{""en"": ""Улица Горчакова"", ""ru"": ""Улица Горчакова""}","2018-07-03 16:30:09","2018-07-03 16:30:09"
194,1,"{""en"": ""Улица Милашенкова"", ""ru"": ""Улица Милашенкова""}","2018-07-03 16:30:09","2018-07-03 16:30:09"
195,1,"{""en"": ""Улица Сергея Эйзенштейна"", ""ru"": ""Улица Сергея Эйзенштейна""}","2018-07-03 16:30:09","2018-07-03 16:30:09"
196,1,"{""en"": ""Улица Скобелевская"", ""ru"": ""Улица Скобелевская""}","2018-07-03 16:30:09","2018-07-03 16:30:09"
197,1,"{""en"": ""Улица Старокачаловская"", ""ru"": ""Улица Старокачаловская""}","2018-07-03 16:30:09","2018-07-03 16:30:09"
198,1,"{""en"": ""Университет"", ""ru"": ""Университет""}","2018-07-03 16:30:09","2018-07-03 16:30:09"
199,1,"{""en"": ""Филевский парк"", ""ru"": ""Филевский парк""}","2018-07-03 16:30:09","2018-07-03 16:30:09"
200,1,"{""en"": ""Фили"", ""ru"": ""Фили""}","2018-07-03 16:30:09","2018-07-03 16:30:09"
201,1,"{""en"": ""Фонвизинская"", ""ru"": ""Фонвизинская""}","2018-07-03 16:30:09","2018-07-03 16:30:09"
202,1,"{""en"": ""Фрунзенская"", ""ru"": ""Фрунзенская""}","2018-07-03 16:30:09","2018-07-03 16:30:09"
203,1,"{""en"": ""Ховрино"", ""ru"": ""Ховрино""}","2018-07-03 16:30:09","2018-07-03 16:30:09"
204,1,"{""en"": ""Хорошёво"", ""ru"": ""Хорошёво""}","2018-07-03 16:30:09","2018-07-03 16:30:09"
205,1,"{""en"": ""Хорошёвская"", ""ru"": ""Хорошёвская""}","2018-07-03 16:30:09","2018-07-03 16:30:09"
206,1,"{""en"": ""Царицыно"", ""ru"": ""Царицыно""}","2018-07-03 16:30:09","2018-07-03 16:30:09"
207,1,"{""en"": ""Цветной бульвар"", ""ru"": ""Цветной бульвар""}","2018-07-03 16:30:09","2018-07-03 16:30:09"
208,1,"{""en"": ""ЦСКА"", ""ru"": ""ЦСКА""}","2018-07-03 16:30:09","2018-07-03 16:30:09"
209,1,"{""en"": ""Черкизовская"", ""ru"": ""Черкизовская""}","2018-07-03 16:30:09","2018-07-03 16:30:09"
210,1,"{""en"": ""Чертановская"", ""ru"": ""Чертановская""}","2018-07-03 16:30:09","2018-07-03 16:30:09"
211,1,"{""en"": ""Чеховская"", ""ru"": ""Чеховская""}","2018-07-03 16:30:09","2018-07-03 16:30:09"
212,1,"{""en"": ""Чистые пруды"", ""ru"": ""Чистые пруды""}","2018-07-03 16:30:09","2018-07-03 16:30:09"
213,1,"{""en"": ""Чкаловская"", ""ru"": ""Чкаловская""}","2018-07-03 16:30:09","2018-07-03 16:30:09"
214,1,"{""en"": ""Шаболовская"", ""ru"": ""Шаболовская""}","2018-07-03 16:30:09","2018-07-03 16:30:09"
215,1,"{""en"": ""Шелепиха"", ""ru"": ""Шелепиха""}","2018-07-03 16:30:09","2018-07-03 16:30:09"
216,1,"{""en"": ""Шипиловская"", ""ru"": ""Шипиловская""}","2018-07-03 16:30:09","2018-07-03 16:30:09"
217,1,"{""en"": ""Шоссе Энтузиастов"", ""ru"": ""Шоссе Энтузиастов""}","2018-07-03 16:30:09","2018-07-03 16:30:09"
218,1,"{""en"": ""Щелковская"", ""ru"": ""Щелковская""}","2018-07-03 16:30:09","2018-07-03 16:30:09"
219,1,"{""en"": ""Щукинская"", ""ru"": ""Щукинская""}","2018-07-03 16:30:09","2018-07-03 16:30:09"
220,1,"{""en"": ""Электрозаводская"", ""ru"": ""Электрозаводская""}","2018-07-03 16:30:09","2018-07-03 16:30:09"
221,1,"{""en"": ""Юго-Западная"", ""ru"": ""Юго-Западная""}","2018-07-03 16:30:09","2018-07-03 16:30:09"
222,1,"{""en"": ""Южная"", ""ru"": ""Южная""}","2018-07-03 16:30:09","2018-07-03 16:30:09"
223,1,"{""en"": ""Ясенево"", ""ru"": ""Ясенево""}","2018-07-03 16:30:09","2018-07-03 16:30:09"
224,2,"{""en"": ""Автово"", ""ru"": ""Автово""}","2018-07-03 16:30:10","2018-07-03 16:30:10"
225,2,"{""en"": ""Адмиралтейская"", ""ru"": ""Адмиралтейская""}","2018-07-03 16:30:10","2018-07-03 16:30:10"
226,2,"{""en"": ""Академическая"", ""ru"": ""Академическая""}","2018-07-03 16:30:10","2018-07-03 16:30:10"
227,2,"{""en"": ""Балтийская"", ""ru"": ""Балтийская""}","2018-07-03 16:30:10","2018-07-03 16:30:10"
228,2,"{""en"": ""Беговая"", ""ru"": ""Беговая""}","2018-07-03 16:30:10","2018-07-03 16:30:10"
229,2,"{""en"": ""Бухарестская"", ""ru"": ""Бухарестская""}","2018-07-03 16:30:10","2018-07-03 16:30:10"
230,2,"{""en"": ""Василеостровская"", ""ru"": ""Василеостровская""}","2018-07-03 16:30:10","2018-07-03 16:30:10"
231,2,"{""en"": ""Владимирская"", ""ru"": ""Владимирская""}","2018-07-03 16:30:10","2018-07-03 16:30:10"
232,2,"{""en"": ""Волковская"", ""ru"": ""Волковская""}","2018-07-03 16:30:10","2018-07-03 16:30:10"
233,2,"{""en"": ""Выборгская"", ""ru"": ""Выборгская""}","2018-07-03 16:30:10","2018-07-03 16:30:10"
234,2,"{""en"": ""Горьковская"", ""ru"": ""Горьковская""}","2018-07-03 16:30:10","2018-07-03 16:30:10"
235,2,"{""en"": ""Гостиный Двор"", ""ru"": ""Гостиный Двор""}","2018-07-03 16:30:10","2018-07-03 16:30:10"
236,2,"{""en"": ""Гражданский Проспект"", ""ru"": ""Гражданский Проспект""}","2018-07-03 16:30:10","2018-07-03 16:30:10"
237,2,"{""en"": ""Девяткино"", ""ru"": ""Девяткино""}","2018-07-03 16:30:10","2018-07-03 16:30:10"
238,2,"{""en"": ""Достоевская"", ""ru"": ""Достоевская""}","2018-07-03 16:30:10","2018-07-03 16:30:10"
239,2,"{""en"": ""Елизаровская"", ""ru"": ""Елизаровская""}","2018-07-03 16:30:10","2018-07-03 16:30:10"
240,2,"{""en"": ""Звёздная"", ""ru"": ""Звёздная""}","2018-07-03 16:30:10","2018-07-03 16:30:10"
241,2,"{""en"": ""Звенигородская"", ""ru"": ""Звенигородская""}","2018-07-03 16:30:10","2018-07-03 16:30:10"
242,2,"{""en"": ""Кировский завод"", ""ru"": ""Кировский завод""}","2018-07-03 16:30:10","2018-07-03 16:30:10"
243,2,"{""en"": ""Комендантский проспект"", ""ru"": ""Комендантский проспект""}","2018-07-03 16:30:10","2018-07-03 16:30:10"
244,2,"{""en"": ""Крестовский остров"", ""ru"": ""Крестовский остров""}","2018-07-03 16:30:10","2018-07-03 16:30:10"
245,2,"{""en"": ""Купчино"", ""ru"": ""Купчино""}","2018-07-03 16:30:10","2018-07-03 16:30:10"
246,2,"{""en"": ""Ладожская"", ""ru"": ""Ладожская""}","2018-07-03 16:30:10","2018-07-03 16:30:10"
247,2,"{""en"": ""Ленинский проспект"", ""ru"": ""Ленинский проспект""}","2018-07-03 16:30:10","2018-07-03 16:30:10"
248,2,"{""en"": ""Лесная"", ""ru"": ""Лесная""}","2018-07-03 16:30:10","2018-07-03 16:30:10"
249,2,"{""en"": ""Лиговский проспект"", ""ru"": ""Лиговский проспект""}","2018-07-03 16:30:10","2018-07-03 16:30:10"
250,2,"{""en"": ""Ломоносовская"", ""ru"": ""Ломоносовская""}","2018-07-03 16:30:10","2018-07-03 16:30:10"
251,2,"{""en"": ""Маяковская"", ""ru"": ""Маяковская""}","2018-07-03 16:30:10","2018-07-03 16:30:10"
252,2,"{""en"": ""Международная"", ""ru"": ""Международная""}","2018-07-03 16:30:10","2018-07-03 16:30:10"
253,2,"{""en"": ""Московская"", ""ru"": ""Московская""}","2018-07-03 16:30:10","2018-07-03 16:30:10"
254,2,"{""en"": ""Московские Ворота"", ""ru"": ""Московские Ворота""}","2018-07-03 16:30:10","2018-07-03 16:30:10"
255,2,"{""en"": ""Нарвская"", ""ru"": ""Нарвская""}","2018-07-03 16:30:10","2018-07-03 16:30:10"
256,2,"{""en"": ""Невский Проспект"", ""ru"": ""Невский Проспект""}","2018-07-03 16:30:10","2018-07-03 16:30:10"
257,2,"{""en"": ""Новокрестовская"", ""ru"": ""Новокрестовская""}","2018-07-03 16:30:10","2018-07-03 16:30:10"
258,2,"{""en"": ""Новочеркасская"", ""ru"": ""Новочеркасская""}","2018-07-03 16:30:10","2018-07-03 16:30:10"
259,2,"{""en"": ""Обводный канал"", ""ru"": ""Обводный канал""}","2018-07-03 16:30:10","2018-07-03 16:30:10"
260,2,"{""en"": ""Обухово"", ""ru"": ""Обухово""}","2018-07-03 16:30:10","2018-07-03 16:30:10"
261,2,"{""en"": ""Озерки"", ""ru"": ""Озерки""}","2018-07-03 16:30:10","2018-07-03 16:30:10"
262,2,"{""en"": ""Парк Победы"", ""ru"": ""Парк Победы""}","2018-07-03 16:30:10","2018-07-03 16:30:10"
263,2,"{""en"": ""Парнас"", ""ru"": ""Парнас""}","2018-07-03 16:30:10","2018-07-03 16:30:10"
264,2,"{""en"": ""Петроградская"", ""ru"": ""Петроградская""}","2018-07-03 16:30:10","2018-07-03 16:30:10"
265,2,"{""en"": ""Пионерская"", ""ru"": ""Пионерская""}","2018-07-03 16:30:10","2018-07-03 16:30:10"
266,2,"{""en"": ""Площадь Александра Невского I"", ""ru"": ""Площадь Александра Невского I""}","2018-07-03 16:30:10","2018-07-03 16:30:10"
267,2,"{""en"": ""Площадь Александра Невского II"", ""ru"": ""Площадь Александра Невского II""}","2018-07-03 16:30:10","2018-07-03 16:30:10"
268,2,"{""en"": ""Площадь Восстания"", ""ru"": ""Площадь Восстания""}","2018-07-03 16:30:10","2018-07-03 16:30:10"
269,2,"{""en"": ""Площадь Ленина"", ""ru"": ""Площадь Ленина""}","2018-07-03 16:30:10","2018-07-03 16:30:10"
270,2,"{""en"": ""Площадь Мужества"", ""ru"": ""Площадь Мужества""}","2018-07-03 16:30:10","2018-07-03 16:30:10"
271,2,"{""en"": ""Политехническая"", ""ru"": ""Политехническая""}","2018-07-03 16:30:10","2018-07-03 16:30:10"
272,2,"{""en"": ""Приморская"", ""ru"": ""Приморская""}","2018-07-03 16:30:10","2018-07-03 16:30:10"
273,2,"{""en"": ""Пролетарская"", ""ru"": ""Пролетарская""}","2018-07-03 16:30:10","2018-07-03 16:30:10"
274,2,"{""en"": ""Проспект Большевиков"", ""ru"": ""Проспект Большевиков""}","2018-07-03 16:30:10","2018-07-03 16:30:10"
275,2,"{""en"": ""Проспект Ветеранов"", ""ru"": ""Проспект Ветеранов""}","2018-07-03 16:30:10","2018-07-03 16:30:10"
276,2,"{""en"": ""Проспект Просвещения"", ""ru"": ""Проспект Просвещения""}","2018-07-03 16:30:10","2018-07-03 16:30:10"
277,2,"{""en"": ""Пушкинская"", ""ru"": ""Пушкинская""}","2018-07-03 16:30:10","2018-07-03 16:30:10"
278,2,"{""en"": ""Рыбацкое"", ""ru"": ""Рыбацкое""}","2018-07-03 16:30:10","2018-07-03 16:30:10"
279,2,"{""en"": ""Садовая"", ""ru"": ""Садовая""}","2018-07-03 16:30:10","2018-07-03 16:30:10"
280,2,"{""en"": ""Сенная площадь"", ""ru"": ""Сенная площадь""}","2018-07-03 16:30:10","2018-07-03 16:30:10"
281,2,"{""en"": ""Спасская"", ""ru"": ""Спасская""}","2018-07-03 16:30:10","2018-07-03 16:30:10"
282,2,"{""en"": ""Спортивная"", ""ru"": ""Спортивная""}","2018-07-03 16:30:10","2018-07-03 16:30:10"
283,2,"{""en"": ""Старая Деревня"", ""ru"": ""Старая Деревня""}","2018-07-03 16:30:10","2018-07-03 16:30:10"
284,2,"{""en"": ""Технологический институт I"", ""ru"": ""Технологический институт I""}","2018-07-03 16:30:10","2018-07-03 16:30:10"
285,2,"{""en"": ""Технологический институт II"", ""ru"": ""Технологический институт II""}","2018-07-03 16:30:10","2018-07-03 16:30:10"
286,2,"{""en"": ""Удельная"", ""ru"": ""Удельная""}","2018-07-03 16:30:10","2018-07-03 16:30:10"
287,2,"{""en"": ""Улица Дыбенко"", ""ru"": ""Улица Дыбенко""}","2018-07-03 16:30:10","2018-07-03 16:30:10"
288,2,"{""en"": ""Фрунзенская"", ""ru"": ""Фрунзенская""}","2018-07-03 16:30:10","2018-07-03 16:30:10"
289,2,"{""en"": ""Чёрная Речка"", ""ru"": ""Чёрная Речка""}","2018-07-03 16:30:10","2018-07-03 16:30:10"
290,2,"{""en"": ""Чернышевская"", ""ru"": ""Чернышевская""}","2018-07-03 16:30:10","2018-07-03 16:30:10"
291,2,"{""en"": ""Чкаловская"", ""ru"": ""Чкаловская""}","2018-07-03 16:30:10","2018-07-03 16:30:10"
292,2,"{""en"": ""Электросила"", ""ru"": ""Электросила""}","2018-07-03 16:30:10","2018-07-03 16:30:10"
293,3,"{""en"": ""Берёзовая роща"", ""ru"": ""Берёзовая роща""}","2018-07-03 16:30:10","2018-07-03 16:30:10"
294,3,"{""en"": ""Гагаринская"", ""ru"": ""Гагаринская""}","2018-07-03 16:30:10","2018-07-03 16:30:10"
295,3,"{""en"": ""Заельцовская"", ""ru"": ""Заельцовская""}","2018-07-03 16:30:10","2018-07-03 16:30:10"
296,3,"{""en"": ""Золотая Нива"", ""ru"": ""Золотая Нива""}","2018-07-03 16:30:10","2018-07-03 16:30:10"
297,3,"{""en"": ""Красный проспект"", ""ru"": ""Красный проспект""}","2018-07-03 16:30:10","2018-07-03 16:30:10"
298,3,"{""en"": ""Маршала Покрышкина"", ""ru"": ""Маршала Покрышкина""}","2018-07-03 16:30:10","2018-07-03 16:30:10"
299,3,"{""en"": ""Октябрьская"", ""ru"": ""Октябрьская""}","2018-07-03 16:30:10","2018-07-03 16:30:10"
300,3,"{""en"": ""Площадь Гарина-Михайловского"", ""ru"": ""Площадь Гарина-Михайловского""}","2018-07-03 16:30:10","2018-07-03 16:30:10"
301,3,"{""en"": ""Площадь Ленина"", ""ru"": ""Площадь Ленина""}","2018-07-03 16:30:10","2018-07-03 16:30:10"
302,3,"{""en"": ""Площадь Маркса"", ""ru"": ""Площадь Маркса""}","2018-07-03 16:30:10","2018-07-03 16:30:10"
303,3,"{""en"": ""Речной вокзал"", ""ru"": ""Речной вокзал""}","2018-07-03 16:30:10","2018-07-03 16:30:10"
304,3,"{""en"": ""Сибирская"", ""ru"": ""Сибирская""}","2018-07-03 16:30:10","2018-07-03 16:30:10"
305,3,"{""en"": ""Студенческая"", ""ru"": ""Студенческая""}","2018-07-03 16:30:10","2018-07-03 16:30:10"
306,4,"{""en"": ""Ботаническая"", ""ru"": ""Ботаническая""}","2018-07-03 16:30:10","2018-07-03 16:30:10"
307,4,"{""en"": ""Геологическая"", ""ru"": ""Геологическая""}","2018-07-03 16:30:10","2018-07-03 16:30:10"
308,4,"{""en"": ""Главный проспект"", ""ru"": ""Главный проспект""}","2018-07-03 16:30:10","2018-07-03 16:30:10"
309,4,"{""en"": ""Динамо"", ""ru"": ""Динамо""}","2018-07-03 16:30:10","2018-07-03 16:30:10"
310,4,"{""en"": ""Машиностроителей"", ""ru"": ""Машиностроителей""}","2018-07-03 16:30:10","2018-07-03 16:30:10"
311,4,"{""en"": ""Площадь 1905 года"", ""ru"": ""Площадь 1905 года""}","2018-07-03 16:30:10","2018-07-03 16:30:10"
312,4,"{""en"": ""Проспект Космонавтов"", ""ru"": ""Проспект Космонавтов""}","2018-07-03 16:30:10","2018-07-03 16:30:10"
313,4,"{""en"": ""Уралмаш"", ""ru"": ""Уралмаш""}","2018-07-03 16:30:10","2018-07-03 16:30:10"
314,4,"{""en"": ""Уральская"", ""ru"": ""Уральская""}","2018-07-03 16:30:10","2018-07-03 16:30:10"
315,4,"{""en"": ""Чкаловская"", ""ru"": ""Чкаловская""}","2018-07-03 16:30:10","2018-07-03 16:30:10"
316,5,"{""en"": ""Автозаводская"", ""ru"": ""Автозаводская""}","2018-07-03 16:30:10","2018-07-03 16:30:10"
317,5,"{""en"": ""Буревестник"", ""ru"": ""Буревестник""}","2018-07-03 16:30:10","2018-07-03 16:30:10"
318,5,"{""en"": ""Бурнаковская"", ""ru"": ""Бурнаковская""}","2018-07-03 16:30:10","2018-07-03 16:30:10"
319,5,"{""en"": ""Горьковская"", ""ru"": ""Горьковская""}","2018-07-03 16:30:10","2018-07-03 16:30:10"
320,5,"{""en"": ""Двигатель Революции"", ""ru"": ""Двигатель Революции""}","2018-07-03 16:30:10","2018-07-03 16:30:10"
321,5,"{""en"": ""Заречная"", ""ru"": ""Заречная""}","2018-07-03 16:30:10","2018-07-03 16:30:10"
322,5,"{""en"": ""Канавинская"", ""ru"": ""Канавинская""}","2018-07-03 16:30:10","2018-07-03 16:30:10"
323,5,"{""en"": ""Кировская"", ""ru"": ""Кировская""}","2018-07-03 16:30:10","2018-07-03 16:30:10"
324,5,"{""en"": ""Комсомольская"", ""ru"": ""Комсомольская""}","2018-07-03 16:30:10","2018-07-03 16:30:10"
325,5,"{""en"": ""Ленинская"", ""ru"": ""Ленинская""}","2018-07-03 16:30:10","2018-07-03 16:30:10"
326,5,"{""en"": ""Московская"", ""ru"": ""Московская""}","2018-07-03 16:30:10","2018-07-03 16:30:10"
327,5,"{""en"": ""Парк культуры"", ""ru"": ""Парк культуры""}","2018-07-03 16:30:10","2018-07-03 16:30:10"
328,5,"{""en"": ""Пролетарская"", ""ru"": ""Пролетарская""}","2018-07-03 16:30:10","2018-07-03 16:30:10"
329,5,"{""en"": ""Чкаловская"", ""ru"": ""Чкаловская""}","2018-07-03 16:30:10","2018-07-03 16:30:10"
330,8,"{""en"": ""Авиастроительная"", ""ru"": ""Авиастроительная""}","2018-07-03 16:30:11","2018-07-03 16:30:11"
331,8,"{""en"": ""Аметьево"", ""ru"": ""Аметьево""}","2018-07-03 16:30:11","2018-07-03 16:30:11"
332,8,"{""en"": ""Горки"", ""ru"": ""Горки""}","2018-07-03 16:30:11","2018-07-03 16:30:11"
333,8,"{""en"": ""Козья слобода"", ""ru"": ""Козья слобода""}","2018-07-03 16:30:11","2018-07-03 16:30:11"
334,8,"{""en"": ""Кремлёвская"", ""ru"": ""Кремлёвская""}","2018-07-03 16:30:11","2018-07-03 16:30:11"
335,8,"{""en"": ""Площадь Габдуллы Тукая"", ""ru"": ""Площадь Габдуллы Тукая""}","2018-07-03 16:30:11","2018-07-03 16:30:11"
336,8,"{""en"": ""Проспект победы"", ""ru"": ""Проспект победы""}","2018-07-03 16:30:11","2018-07-03 16:30:11"
337,8,"{""en"": ""Северный вокзал"", ""ru"": ""Северный вокзал""}","2018-07-03 16:30:11","2018-07-03 16:30:11"
338,8,"{""en"": ""Суконная слобода"", ""ru"": ""Суконная слобода""}","2018-07-03 16:30:11","2018-07-03 16:30:11"
339,8,"{""en"": ""Яшьлек"", ""ru"": ""Яшьлек""}","2018-07-03 16:30:11","2018-07-03 16:30:11"
340,11,"{""en"": ""Алабинская"", ""ru"": ""Алабинская""}","2018-07-03 16:30:12","2018-07-03 16:30:12"
341,11,"{""en"": ""Безымянка"", ""ru"": ""Безымянка""}","2018-07-03 16:30:12","2018-07-03 16:30:12"
342,11,"{""en"": ""Гагаринская"", ""ru"": ""Гагаринская""}","2018-07-03 16:30:12","2018-07-03 16:30:12"
343,11,"{""en"": ""Кировская"", ""ru"": ""Кировская""}","2018-07-03 16:30:12","2018-07-03 16:30:12"
344,11,"{""en"": ""Московская"", ""ru"": ""Московская""}","2018-07-03 16:30:12","2018-07-03 16:30:12"
345,11,"{""en"": ""Победа"", ""ru"": ""Победа""}","2018-07-03 16:30:12","2018-07-03 16:30:12"
346,11,"{""en"": ""Российская"", ""ru"": ""Российская""}","2018-07-03 16:30:12","2018-07-03 16:30:12"
347,11,"{""en"": ""Советская"", ""ru"": ""Советская""}","2018-07-03 16:30:12","2018-07-03 16:30:12"
348,11,"{""en"": ""Спортивная"", ""ru"": ""Спортивная""}","2018-07-03 16:30:12","2018-07-03 16:30:12"
349,11,"{""en"": ""Юнгородок"", ""ru"": ""Юнгородок""}","2018-07-03 16:30:12","2018-07-03 16:30:12"
